1,"Anuj works in Freshdesk"
2,"Freshdesk is in Chennai"
3,"Anuj works, in Freshdesk"
4,Freshdesk is in Chennai
5,Freshdesk is in Chennai
6,Anuj works in Freshdesk
7,Freshdesk is in Chennai
8,Freshdesk is in Chennai
9,Anuj works in Freshdesk
10,Freshdesk is in Chennai
11,Freshdesk is in Chennai
12,Anuj works in Freshdesk
13,Freshdesk is in Chennai
14,Freshdesk is in Chennai
15,Freshdesk is in Chennai
16,Anuj works in Freshdesk
17,Freshdesk is in Chennai
18,Freshdesk is in Chennai
19,Anuj works in Freshdesk
20,Freshdesk is in Chennai
21,Freshdesk is in Chennai
22,Anuj works in Freshdesk
23,Freshdesk is in Chennai
24,Freshdesk is in Chennai
25,Freshdesk is in Chennai
26,Anuj works in Freshdesk
27,Freshdesk is in Chennai
28,Freshdesk is in Chennai
29,Anuj works in Freshdesk
30,Freshdesk is in Chennai
31,Freshdesk is in Chennai
32,Anuj works in Freshdesk
33,Freshdesk is in Chennai
34,Freshdesk is in Chennai
35,Freshdesk is in Chennai
36,Anuj works in Freshdesk
37,Freshdesk is in Chennai
38,Freshdesk is in Chennai
39,Anuj works in Freshdesk
40,Freshdesk is in Chennai
41,Freshdesk is in Chennai
42,Anuj works in Freshdesk
43,Freshdesk is in Chennai
44,Freshdesk is in Chennai
45,Freshdesk is in Chennai
46,Anuj works in Freshdesk
47,Freshdesk is in Chennai
48,Freshdesk is in Chennai
49,Anuj works in Freshdesk
50,Anuj works in Freshdesk
51,Freshdesk is in Chennai
52,Anuj works in Freshdesk
53,Freshdesk is in Chennai
54,Freshdesk is in Chennai
55,Freshdesk is in Chennai
56,Anuj works in Freshdesk
57,Freshdesk is in Chennai
58,Freshdesk is in Chennai
59,Anuj works in Freshdesk
60,Freshdesk is in Chennai
61,Freshdesk is in Chennai
62,Anuj works in Freshdesk
63,Freshdesk is in Chennai
64,Freshdesk is in Chennai
65,Freshdesk is in Chennai
66,Anuj works in Freshdesk
67,Freshdesk is in Chennai
68,Freshdesk is in Chennai
69,Anuj works in Freshdesk
70,DDDD is in Chennai
